Cluster_Name,Customers,Avg_Recency,Avg_Frequency,Avg_Monetary
Gold,177,82.55367231638418,55.9774011299435,9559.54387321695
Premium,6,81.83333333333333,270.6666666666667,53059.96619416666
Silver,735,78.6952380952381,12.839455782312925,1944.5989492882993
Standard,550,255.1727272727273,10.294545454545455,1574.4046503116363
